{
  "version": "1",
  "region": "us-east-1",
  "userPoolId": "us-east-1_7X7akUw3J",
  "userName": "sean",
  "callerContext": {
      "awsSdkVersion": "aws-sdk-unknown-unknown",
      "clientId": "4ffhjrs9s0hmh8jgfgk3cfg16l"
  },
  "triggerSource": "PostAuthentication_Authentication",
  "request": {
      "userAttributes": {
          "sub": "50bf2f11-a98a-4d4b-80d5-1e0058214d75",
          "cognito:user_status": "CONFIRMED",
          "email_verified": "true",
          "email": "sean@simpl.org"
      },
      "newDeviceUsed": false
  },
  "response": {}
}
