{
  "AWSTemplateFormatVersion": "2010-09-09",
  "Description": "{\"createdOn\":\"Linux\",\"createdBy\":\"Amplify\",\"createdWith\":\"9.2.1\",\"stackType\":\"function-Lambda\",\"metadata\":{}}",
  "Parameters": {
    "CloudWatchRule": {
      "Type": "String",
      "Default": "NONE",
      "Description": " Schedule Expression"
    },
    "deploymentBucketName": {
      "Type": "String"
    },
    "env": {
      "Type": "String"
    },
    "s3Key": {
      "Type": "String"
    },
    "apibedsideGraphQLAPIIdOutput": {
      "Type": "String",
      "Default": "apibedsideGraphQLAPIIdOutput"
    },
    "apibedsideGraphQLAPIEndpointOutput": {
      "Type": "String",
      "Default": "apibedsideGraphQLAPIEndpointOutput"
    },
    "apibedsideGraphQLAPIKeyOutput": {
      "Type": "String",
      "Default": "apibedsideGraphQLAPIKeyOutput"
    },
    "storagebedsideContentBucketName": {
      "Type": "String",
      "Default": "storagebedsideContentBucketName"
    },
    "hostingS3AndCloudFrontHostingBucketName": {
      "Type": "String",
      "Default": "hostingS3AndCloudFrontHostingBucketName"
    },
    "apiAdminQueriesApiName": {
      "Type": "String",
      "Default": "apiAdminQueriesApiName"
    },
    "apiAdminQueriesApiId": {
      "Type": "String",
      "Default": "apiAdminQueriesApiId"
    },
    "apinurseReportApiName": {
      "Type": "String",
      "Default": "apinurseReportApiName"
    },
    "apinurseReportApiId": {
      "Type": "String",
      "Default": "apinurseReportApiId"
    },
    "functionbedsideDynamoDBAPILayerArn": {
      "Type": "String",
      "Default": "functionbedsideDynamoDBAPILayerArn"
    }
  },
  "Conditions": {
    "ShouldNotCreateEnvResources": {
      "Fn::Equals": [
        {
          "Ref": "env"
        },
        "NONE"
      ]
    }
  },
  "Resources": {
    "LambdaFunction": {
      "Type": "AWS::Lambda::Function",
      "Metadata": {
        "aws:asset:path": "./src",
        "aws:asset:property": "Code"
      },
      "Properties": {
        "Code": {
          "S3Bucket": {
            "Ref": "deploymentBucketName"
          },
          "S3Key": {
            "Ref": "s3Key"
          }
        },
        "Handler": "index.handler",
        "FunctionName": {
          "Fn::If": [
            "ShouldNotCreateEnvResources",
            "applicationQueueDispatch",
            {
              "Fn::Join": [
                "",
                [
                  "applicationQueueDispatch",
                  "-",
                  {
                    "Ref": "env"
                  }
                ]
              ]
            }
          ]
        },
        "Environment": {
          "Variables": {
            "ENV": {
              "Ref": "env"
            },
            "REGION": {
              "Ref": "AWS::Region"
            },
            "API_BEDSIDE_GRAPHQLAPIIDOUTPUT": {
              "Ref": "apibedsideGraphQLAPIIdOutput"
            },
            "API_BEDSIDE_GRAPHQLAPIENDPOINTOUTPUT": {
              "Ref": "apibedsideGraphQLAPIEndpointOutput"
            },
            "API_BEDSIDE_GRAPHQLAPIKEYOUTPUT": {
              "Ref": "apibedsideGraphQLAPIKeyOutput"
            },
            "STORAGE_BEDSIDECONTENT_BUCKETNAME": {
              "Ref": "storagebedsideContentBucketName"
            },
            "API_BEDSIDE_ORGANIZATIONTABLE_NAME": {
              "Fn::ImportValue": {
                "Fn::Sub": "${apibedsideGraphQLAPIIdOutput}:GetAtt:OrganizationTable:Name"
              }
            },
            "API_BEDSIDE_ORGANIZATIONTABLE_ARN": {
              "Fn::Join": [
                "",
                [
                  "arn:aws:dynamodb:",
                  {
                    "Ref": "AWS::Region"
                  },
                  ":",
                  {
                    "Ref": "AWS::AccountId"
                  },
                  ":table/",
                  {
                    "Fn::ImportValue": {
                      "Fn::Sub": "${apibedsideGraphQLAPIIdOutput}:GetAtt:OrganizationTable:Name"
                    }
                  }
                ]
              ]
            },
            "API_BEDSIDE_PROGRAMTABLE_NAME": {
              "Fn::ImportValue": {
                "Fn::Sub": "${apibedsideGraphQLAPIIdOutput}:GetAtt:ProgramTable:Name"
              }
            },
            "API_BEDSIDE_PROGRAMTABLE_ARN": {
              "Fn::Join": [
                "",
                [
                  "arn:aws:dynamodb:",
                  {
                    "Ref": "AWS::Region"
                  },
                  ":",
                  {
                    "Ref": "AWS::AccountId"
                  },
                  ":table/",
                  {
                    "Fn::ImportValue": {
                      "Fn::Sub": "${apibedsideGraphQLAPIIdOutput}:GetAtt:ProgramTable:Name"
                    }
                  }
                ]
              ]
            },
            "API_BEDSIDE_MEMBERSHIPTABLE_NAME": {
              "Fn::ImportValue": {
                "Fn::Sub": "${apibedsideGraphQLAPIIdOutput}:GetAtt:MembershipTable:Name"
              }
            },
            "API_BEDSIDE_MEMBERSHIPTABLE_ARN": {
              "Fn::Join": [
                "",
                [
                  "arn:aws:dynamodb:",
                  {
                    "Ref": "AWS::Region"
                  },
                  ":",
                  {
                    "Ref": "AWS::AccountId"
                  },
                  ":table/",
                  {
                    "Fn::ImportValue": {
                      "Fn::Sub": "${apibedsideGraphQLAPIIdOutput}:GetAtt:MembershipTable:Name"
                    }
                  }
                ]
              ]
            },
            "API_BEDSIDE_PROCEDURETABLE_NAME": {
              "Fn::ImportValue": {
                "Fn::Sub": "${apibedsideGraphQLAPIIdOutput}:GetAtt:ProcedureTable:Name"
              }
            },
            "API_BEDSIDE_PROCEDURETABLE_ARN": {
              "Fn::Join": [
                "",
                [
                  "arn:aws:dynamodb:",
                  {
                    "Ref": "AWS::Region"
                  },
                  ":",
                  {
                    "Ref": "AWS::AccountId"
                  },
                  ":table/",
                  {
                    "Fn::ImportValue": {
                      "Fn::Sub": "${apibedsideGraphQLAPIIdOutput}:GetAtt:ProcedureTable:Name"
                    }
                  }
                ]
              ]
            },
            "API_BEDSIDE_USERTABLE_NAME": {
              "Fn::ImportValue": {
                "Fn::Sub": "${apibedsideGraphQLAPIIdOutput}:GetAtt:UserTable:Name"
              }
            },
            "API_BEDSIDE_USERTABLE_ARN": {
              "Fn::Join": [
                "",
                [
                  "arn:aws:dynamodb:",
                  {
                    "Ref": "AWS::Region"
                  },
                  ":",
                  {
                    "Ref": "AWS::AccountId"
                  },
                  ":table/",
                  {
                    "Fn::ImportValue": {
                      "Fn::Sub": "${apibedsideGraphQLAPIIdOutput}:GetAtt:UserTable:Name"
                    }
                  }
                ]
              ]
            },
            "API_BEDSIDE_EVALUATIONRESPONSETABLE_NAME": {
              "Fn::ImportValue": {
                "Fn::Sub": "${apibedsideGraphQLAPIIdOutput}:GetAtt:EvaluationResponseTable:Name"
              }
            },
            "API_BEDSIDE_EVALUATIONRESPONSETABLE_ARN": {
              "Fn::Join": [
                "",
                [
                  "arn:aws:dynamodb:",
                  {
                    "Ref": "AWS::Region"
                  },
                  ":",
                  {
                    "Ref": "AWS::AccountId"
                  },
                  ":table/",
                  {
                    "Fn::ImportValue": {
                      "Fn::Sub": "${apibedsideGraphQLAPIIdOutput}:GetAtt:EvaluationResponseTable:Name"
                    }
                  }
                ]
              ]
            },
            "API_BEDSIDE_CERTIFICATIONRECORDTABLE_NAME": {
              "Fn::ImportValue": {
                "Fn::Sub": "${apibedsideGraphQLAPIIdOutput}:GetAtt:CertificationRecordTable:Name"
              }
            },
            "API_BEDSIDE_CERTIFICATIONRECORDTABLE_ARN": {
              "Fn::Join": [
                "",
                [
                  "arn:aws:dynamodb:",
                  {
                    "Ref": "AWS::Region"
                  },
                  ":",
                  {
                    "Ref": "AWS::AccountId"
                  },
                  ":table/",
                  {
                    "Fn::ImportValue": {
                      "Fn::Sub": "${apibedsideGraphQLAPIIdOutput}:GetAtt:CertificationRecordTable:Name"
                    }
                  }
                ]
              ]
            },
            "API_BEDSIDE_USERINVITATIONTABLE_NAME": {
              "Fn::ImportValue": {
                "Fn::Sub": "${apibedsideGraphQLAPIIdOutput}:GetAtt:UserInvitationTable:Name"
              }
            },
            "API_BEDSIDE_USERINVITATIONTABLE_ARN": {
              "Fn::Join": [
                "",
                [
                  "arn:aws:dynamodb:",
                  {
                    "Ref": "AWS::Region"
                  },
                  ":",
                  {
                    "Ref": "AWS::AccountId"
                  },
                  ":table/",
                  {
                    "Fn::ImportValue": {
                      "Fn::Sub": "${apibedsideGraphQLAPIIdOutput}:GetAtt:UserInvitationTable:Name"
                    }
                  }
                ]
              ]
            },
            "API_BEDSIDE_PROGRAMPROCEDURETABLE_NAME": {
              "Fn::ImportValue": {
                "Fn::Sub": "${apibedsideGraphQLAPIIdOutput}:GetAtt:ProgramProcedureTable:Name"
              }
            },
            "API_BEDSIDE_PROGRAMPROCEDURETABLE_ARN": {
              "Fn::Join": [
                "",
                [
                  "arn:aws:dynamodb:",
                  {
                    "Ref": "AWS::Region"
                  },
                  ":",
                  {
                    "Ref": "AWS::AccountId"
                  },
                  ":table/",
                  {
                    "Fn::ImportValue": {
                      "Fn::Sub": "${apibedsideGraphQLAPIIdOutput}:GetAtt:ProgramProcedureTable:Name"
                    }
                  }
                ]
              ]
            },
            "HOSTING_S3ANDCLOUDFRONT_HOSTINGBUCKETNAME": {
              "Ref": "hostingS3AndCloudFrontHostingBucketName"
            },
            "API_ADMINQUERIES_APINAME": {
              "Ref": "apiAdminQueriesApiName"
            },
            "API_ADMINQUERIES_APIID": {
              "Ref": "apiAdminQueriesApiId"
            },
            "API_NURSEREPORT_APINAME": {
              "Ref": "apinurseReportApiName"
            },
            "API_NURSEREPORT_APIID": {
              "Ref": "apinurseReportApiId"
            }
          }
        },
        "Role": {
          "Fn::GetAtt": [
            "LambdaExecutionRole",
            "Arn"
          ]
        },
        "Runtime": "nodejs14.x",
        "Layers": [
          {
            "Ref": "functionbedsideDynamoDBAPILayerArn"
          }
        ],
        "Timeout": 25
      }
    },
    "LambdaExecutionRole": {
      "Type": "AWS::IAM::Role",
      "Properties": {
        "RoleName": {
          "Fn::If": [
            "ShouldNotCreateEnvResources",
            "bedsideLambdaRole683b18d0",
            {
              "Fn::Join": [
                "",
                [
                  "bedsideLambdaRole683b18d0",
                  "-",
                  {
                    "Ref": "env"
                  }
                ]
              ]
            }
          ]
        },
        "AssumeRolePolicyDocument": {
          "Version": "2012-10-17",
          "Statement": [
            {
              "Effect": "Allow",
              "Principal": {
                "Service": [
                  "lambda.amazonaws.com"
                ]
              },
              "Action": [
                "sts:AssumeRole"
              ]
            }
          ]
        }
      }
    },
    "lambdaexecutionpolicy": {
      "DependsOn": [
        "LambdaExecutionRole"
      ],
      "Type": "AWS::IAM::Policy",
      "Properties": {
        "PolicyName": "lambda-execution-policy",
        "Roles": [
          {
            "Ref": "LambdaExecutionRole"
          }
        ],
        "PolicyDocument": {
          "Version": "2012-10-17",
          "Statement": [
            {
              "Effect": "Allow",
              "Action": [
                "logs:CreateLogGroup",
                "logs:CreateLogStream",
                "logs:PutLogEvents"
              ],
              "Resource": {
                "Fn::Sub": [
                  "arn:aws:logs:${region}:${account}:log-group:/aws/lambda/${lambda}:log-stream:*",
                  {
                    "region": {
                      "Ref": "AWS::Region"
                    },
                    "account": {
                      "Ref": "AWS::AccountId"
                    },
                    "lambda": {
                      "Ref": "LambdaFunction"
                    }
                  }
                ]
              }
            }
          ]
        }
      }
    },
    "AmplifyResourcesPolicy": {
      "DependsOn": [
        "LambdaExecutionRole"
      ],
      "Type": "AWS::IAM::Policy",
      "Properties": {
        "PolicyName": "amplify-lambda-execution-policy",
        "Roles": [
          {
            "Ref": "LambdaExecutionRole"
          }
        ],
        "PolicyDocument": {
          "Version": "2012-10-17",
          "Statement": [
            {
              "Effect": "Allow",
              "Action": [
                "s3:PutObject",
                "s3:GetObject",
                "s3:ListBucket",
                "s3:DeleteObject"
              ],
              "Resource": [
                {
                  "Fn::Join": [
                    "",
                    [
                      "arn:aws:s3:::",
                      {
                        "Ref": "hostingS3AndCloudFrontHostingBucketName"
                      },
                      "/*"
                    ]
                  ]
                }
              ]
            },
            {
              "Effect": "Allow",
              "Action": [
                "apigateway:POST",
                "apigateway:PUT",
                "apigateway:GET",
                "apigateway:HEAD",
                "apigateway:OPTIONS",
                "apigateway:PATCH",
                "apigateway:DELETE"
              ],
              "Resource": [
                {
                  "Fn::Join": [
                    "",
                    [
                      "arn:aws:apigateway:",
                      {
                        "Ref": "AWS::Region"
                      },
                      "::/restapis/",
                      {
                        "Ref": "apiAdminQueriesApiName"
                      },
                      "/*"
                    ]
                  ]
                }
              ]
            },
            {
              "Effect": "Allow",
              "Action": [
                "appsync:Create*",
                "appsync:StartSchemaCreation",
                "appsync:GraphQL",
                "appsync:Get*",
                "appsync:List*",
                "appsync:Update*",
                "appsync:Delete*"
              ],
              "Resource": [
                {
                  "Fn::Join": [
                    "",
                    [
                      "arn:aws:appsync:",
                      {
                        "Ref": "AWS::Region"
                      },
                      ":",
                      {
                        "Ref": "AWS::AccountId"
                      },
                      ":apis/",
                      {
                        "Ref": "apibedsideGraphQLAPIIdOutput"
                      },
                      "/*"
                    ]
                  ]
                },
                {
                  "Fn::Join": [
                    "",
                    [
                      "arn:aws:appsync:",
                      {
                        "Ref": "AWS::Region"
                      },
                      ":",
                      {
                        "Ref": "AWS::AccountId"
                      },
                      ":apis/",
                      {
                        "Ref": "apibedsideGraphQLAPIIdOutput"
                      }
                    ]
                  ]
                }
              ]
            },
            {
              "Effect": "Allow",
              "Action": [
                "apigateway:POST",
                "apigateway:PUT",
                "apigateway:GET",
                "apigateway:HEAD",
                "apigateway:OPTIONS",
                "apigateway:PATCH",
                "apigateway:DELETE"
              ],
              "Resource": [
                {
                  "Fn::Join": [
                    "",
                    [
                      "arn:aws:apigateway:",
                      {
                        "Ref": "AWS::Region"
                      },
                      "::/restapis/",
                      {
                        "Ref": "apinurseReportApiName"
                      },
                      "/*"
                    ]
                  ]
                }
              ]
            },
            {
              "Effect": "Allow",
              "Action": "s3:ListBucket",
              "Resource": [
                {
                  "Fn::Join": [
                    "",
                    [
                      "arn:aws:s3:::",
                      {
                        "Ref": "storagebedsideContentBucketName"
                      }
                    ]
                  ]
                }
              ]
            },
            {
              "Effect": "Allow",
              "Action": [
                "s3:PutObject",
                "s3:GetObject",
                "s3:DeleteObject"
              ],
              "Resource": [
                {
                  "Fn::Join": [
                    "",
                    [
                      "arn:aws:s3:::",
                      {
                        "Ref": "storagebedsideContentBucketName"
                      },
                      "/*"
                    ]
                  ]
                }
              ]
            },
            {
              "Effect": "Allow",
              "Action": [
                "dynamodb:Put*",
                "dynamodb:Create*",
                "dynamodb:BatchWriteItem",
                "dynamodb:Get*",
                "dynamodb:BatchGetItem",
                "dynamodb:List*",
                "dynamodb:Describe*",
                "dynamodb:Scan",
                "dynamodb:Query",
                "dynamodb:Update*",
                "dynamodb:RestoreTable*",
                "dynamodb:Delete*"
              ],
              "Resource": [
                {
                  "Fn::Join": [
                    "",
                    [
                      "arn:aws:dynamodb:",
                      {
                        "Ref": "AWS::Region"
                      },
                      ":",
                      {
                        "Ref": "AWS::AccountId"
                      },
                      ":table/",
                      {
                        "Fn::ImportValue": {
                          "Fn::Sub": "${apibedsideGraphQLAPIIdOutput}:GetAtt:OrganizationTable:Name"
                        }
                      }
                    ]
                  ]
                },
                {
                  "Fn::Join": [
                    "",
                    [
                      "arn:aws:dynamodb:",
                      {
                        "Ref": "AWS::Region"
                      },
                      ":",
                      {
                        "Ref": "AWS::AccountId"
                      },
                      ":table/",
                      {
                        "Fn::ImportValue": {
                          "Fn::Sub": "${apibedsideGraphQLAPIIdOutput}:GetAtt:OrganizationTable:Name"
                        }
                      },
                      "/index/*"
                    ]
                  ]
                }
              ]
            },
            {
              "Effect": "Allow",
              "Action": [
                "dynamodb:Put*",
                "dynamodb:Create*",
                "dynamodb:BatchWriteItem",
                "dynamodb:Get*",
                "dynamodb:BatchGetItem",
                "dynamodb:List*",
                "dynamodb:Describe*",
                "dynamodb:Scan",
                "dynamodb:Query",
                "dynamodb:Update*",
                "dynamodb:RestoreTable*",
                "dynamodb:Delete*"
              ],
              "Resource": [
                {
                  "Fn::Join": [
                    "",
                    [
                      "arn:aws:dynamodb:",
                      {
                        "Ref": "AWS::Region"
                      },
                      ":",
                      {
                        "Ref": "AWS::AccountId"
                      },
                      ":table/",
                      {
                        "Fn::ImportValue": {
                          "Fn::Sub": "${apibedsideGraphQLAPIIdOutput}:GetAtt:ProgramTable:Name"
                        }
                      }
                    ]
                  ]
                },
                {
                  "Fn::Join": [
                    "",
                    [
                      "arn:aws:dynamodb:",
                      {
                        "Ref": "AWS::Region"
                      },
                      ":",
                      {
                        "Ref": "AWS::AccountId"
                      },
                      ":table/",
                      {
                        "Fn::ImportValue": {
                          "Fn::Sub": "${apibedsideGraphQLAPIIdOutput}:GetAtt:ProgramTable:Name"
                        }
                      },
                      "/index/*"
                    ]
                  ]
                }
              ]
            },
            {
              "Effect": "Allow",
              "Action": [
                "dynamodb:Put*",
                "dynamodb:Create*",
                "dynamodb:BatchWriteItem",
                "dynamodb:Get*",
                "dynamodb:BatchGetItem",
                "dynamodb:List*",
                "dynamodb:Describe*",
                "dynamodb:Scan",
                "dynamodb:Query",
                "dynamodb:Update*",
                "dynamodb:RestoreTable*",
                "dynamodb:Delete*"
              ],
              "Resource": [
                {
                  "Fn::Join": [
                    "",
                    [
                      "arn:aws:dynamodb:",
                      {
                        "Ref": "AWS::Region"
                      },
                      ":",
                      {
                        "Ref": "AWS::AccountId"
                      },
                      ":table/",
                      {
                        "Fn::ImportValue": {
                          "Fn::Sub": "${apibedsideGraphQLAPIIdOutput}:GetAtt:MembershipTable:Name"
                        }
                      }
                    ]
                  ]
                },
                {
                  "Fn::Join": [
                    "",
                    [
                      "arn:aws:dynamodb:",
                      {
                        "Ref": "AWS::Region"
                      },
                      ":",
                      {
                        "Ref": "AWS::AccountId"
                      },
                      ":table/",
                      {
                        "Fn::ImportValue": {
                          "Fn::Sub": "${apibedsideGraphQLAPIIdOutput}:GetAtt:MembershipTable:Name"
                        }
                      },
                      "/index/*"
                    ]
                  ]
                }
              ]
            },
            {
              "Effect": "Allow",
              "Action": [
                "dynamodb:Put*",
                "dynamodb:Create*",
                "dynamodb:BatchWriteItem",
                "dynamodb:Get*",
                "dynamodb:BatchGetItem",
                "dynamodb:List*",
                "dynamodb:Describe*",
                "dynamodb:Scan",
                "dynamodb:Query",
                "dynamodb:Update*",
                "dynamodb:RestoreTable*",
                "dynamodb:Delete*"
              ],
              "Resource": [
                {
                  "Fn::Join": [
                    "",
                    [
                      "arn:aws:dynamodb:",
                      {
                        "Ref": "AWS::Region"
                      },
                      ":",
                      {
                        "Ref": "AWS::AccountId"
                      },
                      ":table/",
                      {
                        "Fn::ImportValue": {
                          "Fn::Sub": "${apibedsideGraphQLAPIIdOutput}:GetAtt:ProcedureTable:Name"
                        }
                      }
                    ]
                  ]
                },
                {
                  "Fn::Join": [
                    "",
                    [
                      "arn:aws:dynamodb:",
                      {
                        "Ref": "AWS::Region"
                      },
                      ":",
                      {
                        "Ref": "AWS::AccountId"
                      },
                      ":table/",
                      {
                        "Fn::ImportValue": {
                          "Fn::Sub": "${apibedsideGraphQLAPIIdOutput}:GetAtt:ProcedureTable:Name"
                        }
                      },
                      "/index/*"
                    ]
                  ]
                }
              ]
            },
            {
              "Effect": "Allow",
              "Action": [
                "dynamodb:Put*",
                "dynamodb:Create*",
                "dynamodb:BatchWriteItem",
                "dynamodb:Get*",
                "dynamodb:BatchGetItem",
                "dynamodb:List*",
                "dynamodb:Describe*",
                "dynamodb:Scan",
                "dynamodb:Query",
                "dynamodb:Update*",
                "dynamodb:RestoreTable*",
                "dynamodb:Delete*"
              ],
              "Resource": [
                {
                  "Fn::Join": [
                    "",
                    [
                      "arn:aws:dynamodb:",
                      {
                        "Ref": "AWS::Region"
                      },
                      ":",
                      {
                        "Ref": "AWS::AccountId"
                      },
                      ":table/",
                      {
                        "Fn::ImportValue": {
                          "Fn::Sub": "${apibedsideGraphQLAPIIdOutput}:GetAtt:UserTable:Name"
                        }
                      }
                    ]
                  ]
                },
                {
                  "Fn::Join": [
                    "",
                    [
                      "arn:aws:dynamodb:",
                      {
                        "Ref": "AWS::Region"
                      },
                      ":",
                      {
                        "Ref": "AWS::AccountId"
                      },
                      ":table/",
                      {
                        "Fn::ImportValue": {
                          "Fn::Sub": "${apibedsideGraphQLAPIIdOutput}:GetAtt:UserTable:Name"
                        }
                      },
                      "/index/*"
                    ]
                  ]
                }
              ]
            },
            {
              "Effect": "Allow",
              "Action": [
                "dynamodb:Put*",
                "dynamodb:Create*",
                "dynamodb:BatchWriteItem",
                "dynamodb:Get*",
                "dynamodb:BatchGetItem",
                "dynamodb:List*",
                "dynamodb:Describe*",
                "dynamodb:Scan",
                "dynamodb:Query",
                "dynamodb:Update*",
                "dynamodb:RestoreTable*",
                "dynamodb:Delete*"
              ],
              "Resource": [
                {
                  "Fn::Join": [
                    "",
                    [
                      "arn:aws:dynamodb:",
                      {
                        "Ref": "AWS::Region"
                      },
                      ":",
                      {
                        "Ref": "AWS::AccountId"
                      },
                      ":table/",
                      {
                        "Fn::ImportValue": {
                          "Fn::Sub": "${apibedsideGraphQLAPIIdOutput}:GetAtt:EvaluationResponseTable:Name"
                        }
                      }
                    ]
                  ]
                },
                {
                  "Fn::Join": [
                    "",
                    [
                      "arn:aws:dynamodb:",
                      {
                        "Ref": "AWS::Region"
                      },
                      ":",
                      {
                        "Ref": "AWS::AccountId"
                      },
                      ":table/",
                      {
                        "Fn::ImportValue": {
                          "Fn::Sub": "${apibedsideGraphQLAPIIdOutput}:GetAtt:EvaluationResponseTable:Name"
                        }
                      },
                      "/index/*"
                    ]
                  ]
                }
              ]
            },
            {
              "Effect": "Allow",
              "Action": [
                "dynamodb:Put*",
                "dynamodb:Create*",
                "dynamodb:BatchWriteItem",
                "dynamodb:Get*",
                "dynamodb:BatchGetItem",
                "dynamodb:List*",
                "dynamodb:Describe*",
                "dynamodb:Scan",
                "dynamodb:Query",
                "dynamodb:Update*",
                "dynamodb:RestoreTable*",
                "dynamodb:Delete*"
              ],
              "Resource": [
                {
                  "Fn::Join": [
                    "",
                    [
                      "arn:aws:dynamodb:",
                      {
                        "Ref": "AWS::Region"
                      },
                      ":",
                      {
                        "Ref": "AWS::AccountId"
                      },
                      ":table/",
                      {
                        "Fn::ImportValue": {
                          "Fn::Sub": "${apibedsideGraphQLAPIIdOutput}:GetAtt:CertificationRecordTable:Name"
                        }
                      }
                    ]
                  ]
                },
                {
                  "Fn::Join": [
                    "",
                    [
                      "arn:aws:dynamodb:",
                      {
                        "Ref": "AWS::Region"
                      },
                      ":",
                      {
                        "Ref": "AWS::AccountId"
                      },
                      ":table/",
                      {
                        "Fn::ImportValue": {
                          "Fn::Sub": "${apibedsideGraphQLAPIIdOutput}:GetAtt:CertificationRecordTable:Name"
                        }
                      },
                      "/index/*"
                    ]
                  ]
                }
              ]
            },
            {
              "Effect": "Allow",
              "Action": [
                "dynamodb:Put*",
                "dynamodb:Create*",
                "dynamodb:BatchWriteItem",
                "dynamodb:Get*",
                "dynamodb:BatchGetItem",
                "dynamodb:List*",
                "dynamodb:Describe*",
                "dynamodb:Scan",
                "dynamodb:Query",
                "dynamodb:Update*",
                "dynamodb:RestoreTable*",
                "dynamodb:Delete*"
              ],
              "Resource": [
                {
                  "Fn::Join": [
                    "",
                    [
                      "arn:aws:dynamodb:",
                      {
                        "Ref": "AWS::Region"
                      },
                      ":",
                      {
                        "Ref": "AWS::AccountId"
                      },
                      ":table/",
                      {
                        "Fn::ImportValue": {
                          "Fn::Sub": "${apibedsideGraphQLAPIIdOutput}:GetAtt:UserInvitationTable:Name"
                        }
                      }
                    ]
                  ]
                },
                {
                  "Fn::Join": [
                    "",
                    [
                      "arn:aws:dynamodb:",
                      {
                        "Ref": "AWS::Region"
                      },
                      ":",
                      {
                        "Ref": "AWS::AccountId"
                      },
                      ":table/",
                      {
                        "Fn::ImportValue": {
                          "Fn::Sub": "${apibedsideGraphQLAPIIdOutput}:GetAtt:UserInvitationTable:Name"
                        }
                      },
                      "/index/*"
                    ]
                  ]
                }
              ]
            },
            {
              "Effect": "Allow",
              "Action": [
                "dynamodb:Put*",
                "dynamodb:Create*",
                "dynamodb:BatchWriteItem",
                "dynamodb:Get*",
                "dynamodb:BatchGetItem",
                "dynamodb:List*",
                "dynamodb:Describe*",
                "dynamodb:Scan",
                "dynamodb:Query",
                "dynamodb:Update*",
                "dynamodb:RestoreTable*",
                "dynamodb:Delete*"
              ],
              "Resource": [
                {
                  "Fn::Join": [
                    "",
                    [
                      "arn:aws:dynamodb:",
                      {
                        "Ref": "AWS::Region"
                      },
                      ":",
                      {
                        "Ref": "AWS::AccountId"
                      },
                      ":table/",
                      {
                        "Fn::ImportValue": {
                          "Fn::Sub": "${apibedsideGraphQLAPIIdOutput}:GetAtt:ProgramProcedureTable:Name"
                        }
                      }
                    ]
                  ]
                },
                {
                  "Fn::Join": [
                    "",
                    [
                      "arn:aws:dynamodb:",
                      {
                        "Ref": "AWS::Region"
                      },
                      ":",
                      {
                        "Ref": "AWS::AccountId"
                      },
                      ":table/",
                      {
                        "Fn::ImportValue": {
                          "Fn::Sub": "${apibedsideGraphQLAPIIdOutput}:GetAtt:ProgramProcedureTable:Name"
                        }
                      },
                      "/index/*"
                    ]
                  ]
                }
              ]
            }
          ]
        }
      }
    },
    "ApplicationQueueDispatchSNSPolicy": {
      "Type": "AWS::Lambda::Permission",
      "Properties": {
        "Action": "lambda:InvokeFunction",
        "FunctionName": {
          "Fn::If": [
            "ShouldNotCreateEnvResources",
            "applicationQueueDispatch",
            {
              "Fn::Join": [
                "",
                [
                  "applicationQueueDispatch",
                  "-",
                  {
                    "Ref": "env"
                  }
                ]
              ]
            }
          ]
        },
        "Principal": "sns.amazonaws.com"
      }
    },
    "CustomLambdaExecutionPolicy": {
      "Type": "AWS::IAM::Policy",
      "Properties": {
        "PolicyName": "custom-lambda-execution-policy",
        "PolicyDocument": {
          "Version": "2012-10-17",
          "Statement": [
            {
              "Action": [
                "ses:SendBulkTemplatedEmail"
              ],
              "Resource": [
                "arn:aws:ses:us-east-1:597534837657:identity/admin@simpl-bedside.org",
                "arn:aws:ses:us-east-1:597534837657:configuration-set/SIMPL"
              ],
              "Effect": "Allow"
            },
            {
              "Action": [
                "s3:GetObject"
              ],
              "Resource": [
                "arn:aws:s3:::bedside-query-results/*"
              ],
              "Effect": "Allow"
            }
          ]
        },
        "Roles": [
          {
            "Ref": "LambdaExecutionRole"
          }
        ]
      },
      "DependsOn": "LambdaExecutionRole"
    }
  },
  "Outputs": {
    "Name": {
      "Value": {
        "Ref": "LambdaFunction"
      }
    },
    "Arn": {
      "Value": {
        "Fn::GetAtt": [
          "LambdaFunction",
          "Arn"
        ]
      }
    },
    "Region": {
      "Value": {
        "Ref": "AWS::Region"
      }
    },
    "LambdaExecutionRole": {
      "Value": {
        "Ref": "LambdaExecutionRole"
      }
    },
    "LambdaExecutionRoleArn": {
      "Value": {
        "Fn::GetAtt": [
          "LambdaExecutionRole",
          "Arn"
        ]
      }
    }
  }
}