{"Template":{"TemplateName":"InviteReminderNightly","SubjectPart":"Reminder: Invitation to register SIMPL-Bedside account for {{institutionname}}","TextPart":"New SIMPL Bedside evaluations of your trainees have occurred recently.","HtmlPart":"<!DOCTYPE html>\n<html lang=\"en\" xmlns=\"http://www.w3.org/1999/xhtml\" xmlns:o=\"urn:schemas-microsoft-com:office:office\">\n<head>\n    <meta charset=\"UTF-8\">\n    <meta name=\"viewport\" content=\"width=device-width,initial-scale=1\">\n    <meta name=\"x-apple-disable-message-reformatting\">\n    <title></title>\n    <!--[if mso]>\n    <noscript>\n        <xml>\n            <o:OfficeDocumentSettings>\n                <o:PixelsPerInch>96</o:PixelsPerInch>\n            </o:OfficeDocumentSettings>\n        </xml>\n    </noscript>\n    <![endif]-->\n    <style>\n        table, td, div, h1, p {font-family: Arial, sans-serif;}\n        /* table, td {border:2px solid #000000 !important;} */\n        a { color:#6ABBCC}\n    </style>\n</head>\n<body style=\"margin:0;padding:0;\">\n    <table role=\"presentation\" style=\"width:100%;border-collapse:collapse;border:0;border-spacing:0;background:#ffffff;\">\n        <tr>\n            <td align=\"center\" style=\"padding:0;\">\n              <table role=\"presentation\" style=\"width:602px;border-collapse:collapse;border:1px solid #cccccc;border-spacing:0;text-align:left;\">\n                <tr>\n                    <td style=\"padding:0;\">\n                      <table role=\"presentation\" style=\"width:602px;border-collapse:collapse;border:1px solid #cccccc;border-spacing:0;text-align:left;\">\n                        <tr>\n                            <td style=\"padding: 10px;\">\n                                <img src=\"https://bedside-public-files.s3.amazonaws.com/email/simplbedsidelogo1.jpg\" style=\"width: 20%;\"\n                            </td>\n                        </tr>\n                        <tr>\n                            <td style=\"padding: 36px 30px 42px 30px;\">\n                              <p style=\"margin:0 0 12px 0;font-size:14px;line-height:24px;font-family:Arial,sans-serif;\">\n                                Dear {{inviteefirstname}} {{inviteelastname}},\n                              </p>\n                              <p style=\"margin:0 0 12px 0;font-size:14px;line-height:24px;font-family:Arial,sans-serif;\">\n                                As a reminder, you have been invited to register an account with SIMPL Bedside for {{institutionname}}.\n                                Please visit <a href=\"{{invite_url}}\">this link</a> to create your unique user name and password.\n                              </p>\n\n                              <p style=\"margin:0 0 12px 0;font-size:14px;line-height:24px;font-family:Arial,sans-serif;\">\n                                - {{programadminfirstname}} {{programadminlastname}}\n                              </p>\n                              \n                              <p style=\"margin:12px 0 12px 0;font-size:14px;line-height:24px;font-family:Arial,sans-serif;\">\n                                Do you have questions? Please contact <a href=\"mailto:help@simpl-bedside.org\">help@simpl-bedside.org</a>\n                              </p>\n                            </td>\n                        </tr>\n                        <tr>\n                            <td style=\"padding:0;\">\n                              <table role=\"presentation\" style=\"padding: 0;\">\n                                <tr>\n                                  <td align=\"center\" style=\"padding:0; width: 8%;\">\n                                    <a href=\"https://www.simpl.org\">\n                                      <img src=\"https://bedside-public-files.s3.amazonaws.com/email/simpllogonotext.jpg\" style=\"width: 60%;\"/>\n                                    </a>\n                                  </td>\n                                  <td style=\"padding: 0; width: 92%;\">\n                                    <p style=\"font-size:10px;line-height:10px;font-family:Arial,sans-serif;\">\n                                      SIMPL-Bedside is provided by the <a href=\"https://www.simpl.org\">Society for Improving Medical Professional Learning</a>, a 501c3 nonprofit dedicated to improving the quality of medical education\n                                    </p>\n                                  </td>           \n                                </tr>\n                              </table>\n                            </td>\n                        </tr>\n                    </table>\n                    </td>\n                </tr>\n              </table>\n            </td>\n        </tr>\n    </table>\n</body>\n</html>"}}