{
  "identityPoolName": "bedside18eb32eb_identitypool_18eb32eb",
  "allowUnauthenticatedIdentities": true,
  "resourceNameTruncated": "bedsid18eb32eb",
  "userPoolName": "bedside18eb32eb_userpool_18eb32eb",
  "autoVerifiedAttributes": ["email"],
  "mfaConfiguration": "OFF",
  "mfaTypes": ["SMS Text Message"],
  "smsAuthenticationMessage": "Your authentication code is {####}",
  "smsVerificationMessage": "Your verification code is {####}",
  "emailVerificationSubject": "SIMPL-Bedside instructions",
  "emailVerificationMessage": "Great job! Now that you have successfully registered your SIMPL-Bedside account, please log into the SIMPL-Bedside administrative site https://www.simpl-bedside.org with the username and password you created. The first time you login to SIMPL-Bedside you will be prompted to enter a verification code. Your verification code is: {####}",
  "defaultPasswordPolicy": false,
  "passwordPolicyMinLength": 8,
  "passwordPolicyCharacters": [],
  "requiredAttributes": ["email"],
  "userpoolClientGenerateSecret": true,
  "userpoolClientRefreshTokenValidity": 30,
  "userpoolClientWriteAttributes": ["email"],
  "userpoolClientReadAttributes": ["email"],
  "userpoolClientLambdaRole": "bedsid18eb32eb_userpoolclient_lambda_role",
  "userpoolClientSetAttributes": false,
  "resourceName": "bedside18eb32eb",
  "authSelections": "identityPoolAndUserPool",
  "authRoleArn": {
    "Fn::GetAtt": ["AuthRole", "Arn"]
  },
  "unauthRoleArn": {
    "Fn::GetAtt": ["UnauthRole", "Arn"]
  },
  "useDefault": "manual",
  "userPoolGroupList": ["Sysadmins", "Admins", "Users"],
  "dependsOn": [
    {
      "category": "function",
      "resourceName": "bedside18eb32ebPostConfirmation",
      "triggerProvider": "Cognito",
      "attributes": ["Arn", "Name"]
    }
  ],
  "thirdPartyAuth": false,
  "userPoolGroups": false,
  "adminQueries": false,
  "triggers": "{\"PostConfirmation\":[\"add-to-group\"]}",
  "hostedUI": false,
  "parentStack": {
    "Ref": "AWS::StackId"
  },
  "permissions": [
    "{\"policyName\":\"AddToGroupCognito\",\"trigger\":\"PostConfirmation\",\"effect\":\"Allow\",\"actions\":[\"cognito-idp:AdminAddUserToGroup\",\"cognito-idp:GetGroup\",\"cognito-idp:CreateGroup\"],\"resource\":{\"paramType\":\"!GetAtt\",\"keys\":[\"UserPool\",\"Arn\"]}}"
  ],
  "adminQueryGroup": "Sysadmins"
}
