{
  "providers": {
    "awscloudformation": {
      "AuthRoleName": "amplify-bedside-prod-81932-authRole",
      "UnauthRoleArn": "arn:aws:iam::597534837657:role/amplify-bedside-prod-81932-unauthRole",
      "AuthRoleArn": "arn:aws:iam::597534837657:role/amplify-bedside-prod-81932-authRole",
      "Region": "us-east-1",
      "DeploymentBucketName": "amplify-bedside-prod-81932-deployment",
      "UnauthRoleName": "amplify-bedside-prod-81932-unauthRole",
      "StackName": "amplify-bedside-prod-81932",
      "StackId": "arn:aws:cloudformation:us-east-1:597534837657:stack/amplify-bedside-prod-81932/51732c60-48e3-11ea-9548-127e9735111e",
      "AmplifyAppId": "d1i7ckh5uj1s23"
    }
  },
  "api": {
    "AdminQueries": {
      "dependsOn": [
        {
          "attributes": [
            "UserPoolId"
          ],
          "category": "auth",
          "resourceName": "bedside18eb32eb"
        },
        {
          "attributes": [
            "Arn",
            "Name"
          ],
          "category": "function",
          "resourceName": "AdminQueriesc8c14260"
        }
      ],
      "providerPlugin": "awscloudformation",
      "service": "API Gateway",
      "output": {
        "ApiName": "AdminQueries",
        "RootUrl": "https://p2v461v5db.execute-api.us-east-1.amazonaws.com/prod",
        "ApiId": "p2v461v5db"
      },
      "lastPushTimeStamp": "2023-05-04T16:59:12.412Z",
      "providerMetadata": {
        "s3TemplateURL": "https://s3.amazonaws.com/amplify-bedside-prod-81932-deployment/amplify-cfn-templates/api/admin-queries-cloudformation-template.json",
        "logicalId": "apiAdminQueries"
      },
      "lastPushDirHash": "RdcW/56Mf4WqYxPL9tcxdUZPwkw="
    },
    "bedside": {
      "output": {
        "authConfig": {
          "additionalAuthenticationProviders": [
            {
              "apiKeyConfig": {
                "apiKeyExpirationDays": 365,
                "description": "bedside-api-key"
              },
              "authenticationType": "API_KEY"
            }
          ],
          "defaultAuthentication": {
            "authenticationType": "AMAZON_COGNITO_USER_POOLS",
            "userPoolConfig": {
              "userPoolId": "authbedside18eb32eb"
            }
          }
        },
        "GraphQLAPIIdOutput": "pcec3jgp4bg7ldbavq4lxskp7a",
        "GraphQLAPIEndpointOutput": "https://rro2cnht6zhw7csc5wlksqgara.appsync-api.us-east-1.amazonaws.com/graphql",
        "GraphQLAPIKeyOutput": "da2-du7cda3gb5buza5i3aqd5chapq"
      },
      "providerPlugin": "awscloudformation",
      "service": "AppSync",
      "lastPushTimeStamp": "2023-05-04T16:59:12.412Z",
      "providerMetadata": {
        "s3TemplateURL": "https://s3.amazonaws.com/amplify-bedside-prod-81932-deployment/amplify-cfn-templates/api/cloudformation-template.json",
        "logicalId": "apibedside"
      },
      "lastPushDirHash": "pi3oswJxpsNeXGm/FnZAE7CntQI="
    },
    "nurseReport": {
      "dependsOn": [
        {
          "attributes": [
            "Name",
            "Arn"
          ],
          "category": "function",
          "resourceName": "nurseReport"
        }
      ],
      "providerPlugin": "awscloudformation",
      "service": "API Gateway",
      "output": {
        "ApiName": "nurseReport",
        "RootUrl": "https://yck6pch5gl.execute-api.us-east-1.amazonaws.com/prod",
        "ApiId": "yck6pch5gl"
      },
      "lastPushTimeStamp": "2023-05-04T16:59:12.412Z",
      "providerMetadata": {
        "s3TemplateURL": "https://s3.amazonaws.com/amplify-bedside-prod-81932-deployment/amplify-cfn-templates/api/nurseReport-cloudformation-template.json",
        "logicalId": "apinurseReport"
      },
      "lastPushDirHash": "jEWGJq/e/CTy8CLXq0Gi87G6SAg="
    }
  },
  "auth": {
    "bedside18eb32eb": {
      "customAuth": false,
      "dependsOn": [
        {
          "attributes": [
            "Arn",
            "Name"
          ],
          "category": "function",
          "resourceName": "bedside18eb32ebPostConfirmation",
          "triggerProvider": "Cognito"
        }
      ],
      "providerPlugin": "awscloudformation",
      "service": "Cognito",
      "output": {
        "AppClientSecret": "8p3fhq5rbvqkd0lc0dsb0krp1el7lr06o8eqo4oh0em62kv48kq",
        "UserPoolId": "us-east-1_Kzgi6icUU",
        "AppClientIDWeb": "2unp45mj4ra8lh9f6r56b0ujqd",
        "AppClientID": "4ldmm2072qonmc3f4ebmbbfneg",
        "IdentityPoolId": "us-east-1:41a05627-25dd-4dca-a04b-cb2aaf00287b",
        "IdentityPoolName": "bedside18eb32eb_identitypool_18eb32eb__prod",
        "UserPoolName": "bedside18eb32eb_userpool_18eb32eb"
      },
      "lastPushTimeStamp": "2023-05-04T16:59:12.412Z",
      "providerMetadata": {
        "s3TemplateURL": "https://s3.amazonaws.com/amplify-bedside-prod-81932-deployment/amplify-cfn-templates/auth/bedside18eb32eb-cloudformation-template.yml",
        "logicalId": "authbedside18eb32eb"
      },
      "lastPushDirHash": "A15/mf5/nmvZaPIBSv+7qNBiQXY="
    },
    "userPoolGroups": {
      "dependsOn": [
        {
          "attributes": [
            "UserPoolId",
            "AppClientIDWeb",
            "AppClientID",
            "IdentityPoolId"
          ],
          "category": "auth",
          "resourceName": "bedside18eb32eb"
        }
      ],
      "providerPlugin": "awscloudformation",
      "service": "Cognito-UserPool-Groups",
      "output": {
        "ProgramAdminsGroupRole": "arn:aws:iam::597534837657:role/us-east-1_Kzgi6icUU-ProgramAdminsGroupRole",
        "UsersGroupRole": "arn:aws:iam::597534837657:role/us-east-1_Kzgi6icUU-UsersGroupRole",
        "SysadminsGroupRole": "arn:aws:iam::597534837657:role/us-east-1_Kzgi6icUU-SysadminsGroupRole",
        "AdminsGroupRole": "arn:aws:iam::597534837657:role/us-east-1_Kzgi6icUU-AdminsGroupRole"
      },
      "lastPushTimeStamp": "2023-05-04T16:59:12.412Z",
      "providerMetadata": {
        "s3TemplateURL": "https://s3.amazonaws.com/amplify-bedside-prod-81932-deployment/amplify-cfn-templates/auth/template.json",
        "logicalId": "authuserPoolGroups"
      },
      "lastPushDirHash": "VubMyhVZuLabj7s+7Hl+aOBPFYA="
    }
  },
  "custom": {
    "snsTopicQueue": {
      "dependsOn": [
        {
          "category": "function",
          "resourceName": "applicationQueueDispatch",
          "attributes": [
            "Name",
            "Arn",
            "Region",
            "LambdaExecutionRole",
            "LambdaExecutionRoleArn"
          ]
        }
      ],
      "providerPlugin": "awscloudformation",
      "service": "customCDK",
      "output": {
        "snsTopicArn": "arn:aws:sns:us-east-1:597534837657:sns-topic-bedside-prod"
      },
      "lastPushTimeStamp": "2023-05-04T16:59:12.412Z",
      "providerMetadata": {
        "s3TemplateURL": "https://s3.amazonaws.com/amplify-bedside-prod-81932-deployment/amplify-cfn-templates/custom/snsTopicQueue-cloudformation-template.json",
        "logicalId": "customsnsTopicQueue"
      },
      "lastPushDirHash": "WD65jGX0gjHv5CymL9GTZwldr/k="
    }
  },
  "function": {
    "AdminQueriesc8c14260": {
      "build": true,
      "dependsOn": [
        {
          "attributes": [
            "UserPoolId"
          ],
          "category": "auth",
          "resourceName": "bedside18eb32eb"
        }
      ],
      "providerPlugin": "awscloudformation",
      "service": "Lambda",
      "output": {
        "Region": "us-east-1",
        "Arn": "arn:aws:lambda:us-east-1:597534837657:function:AdminQueriesc8c14260-prod",
        "Name": "AdminQueriesc8c14260-prod",
        "LambdaExecutionRole": "AdminQueriesc8c14260LambdaRole-prod",
        "LambdaExecutionRoleArn": "arn:aws:iam::597534837657:role/AdminQueriesc8c14260LambdaRole-prod"
      },
      "lastPushTimeStamp": "2023-05-04T16:59:12.412Z",
      "providerMetadata": {
        "s3TemplateURL": "https://s3.amazonaws.com/amplify-bedside-prod-81932-deployment/amplify-cfn-templates/function/AdminQueriesc8c14260-cloudformation-template.json",
        "logicalId": "functionAdminQueriesc8c14260"
      },
      "lastBuildTimeStamp": "2023-05-04T16:55:26.678Z",
      "lastBuildType": "PROD",
      "lastPackageTimeStamp": "2023-05-04T16:55:30.918Z",
      "distZipFilename": "AdminQueriesc8c14260-705348386d7334753048-build.zip",
      "s3Bucket": {
        "deploymentBucketName": "amplify-bedside-prod-81932-deployment",
        "s3Key": "amplify-builds/AdminQueriesc8c14260-705348386d7334753048-build.zip"
      },
      "lastPushDirHash": "GLCV+fqx30FNAoH0MvkCDly6C1Q="
    },
    "applicationQueueDispatch": {
      "build": true,
      "dependsOn": [
        {
          "attributes": [
            "Arn"
          ],
          "category": "function",
          "resourceName": "bedsideDynamoDBAPILayer"
        },
        {
          "attributes": [
            "HostingBucketName"
          ],
          "category": "hosting",
          "resourceName": "S3AndCloudFront"
        },
        {
          "attributes": [
            "ApiName",
            "ApiId"
          ],
          "category": "api",
          "resourceName": "AdminQueries"
        },
        {
          "attributes": [
            "GraphQLAPIIdOutput",
            "GraphQLAPIEndpointOutput",
            "GraphQLAPIKeyOutput"
          ],
          "category": "api",
          "resourceName": "bedside"
        },
        {
          "attributes": [
            "ApiName",
            "ApiId"
          ],
          "category": "api",
          "resourceName": "nurseReport"
        },
        {
          "attributes": [
            "BucketName"
          ],
          "category": "storage",
          "resourceName": "bedsideContent"
        }
      ],
      "providerPlugin": "awscloudformation",
      "service": "Lambda",
      "output": {
        "Region": "us-east-1",
        "Arn": "arn:aws:lambda:us-east-1:597534837657:function:applicationQueueDispatch-prod",
        "Name": "applicationQueueDispatch-prod",
        "LambdaExecutionRole": "bedsideLambdaRole683b18d0-prod",
        "LambdaExecutionRoleArn": "arn:aws:iam::597534837657:role/bedsideLambdaRole683b18d0-prod"
      },
      "lastPushTimeStamp": "2023-05-04T16:59:12.412Z",
      "providerMetadata": {
        "s3TemplateURL": "https://s3.amazonaws.com/amplify-bedside-prod-81932-deployment/amplify-cfn-templates/function/applicationQueueDispatch-cloudformation-template.json",
        "logicalId": "functionapplicationQueueDispatch"
      },
      "lastBuildTimeStamp": "2023-05-04T16:55:26.679Z",
      "lastBuildType": "PROD",
      "lastPackageTimeStamp": "2023-05-04T16:55:29.742Z",
      "distZipFilename": "applicationQueueDispatch-6a4134714f4c63702f67-build.zip",
      "s3Bucket": {
        "deploymentBucketName": "amplify-bedside-prod-81932-deployment",
        "s3Key": "amplify-builds/applicationQueueDispatch-6a4134714f4c63702f67-build.zip"
      },
      "lastPushDirHash": "s3Gg9spJHjmhZfkUGo0LbtenhNw="
    },
    "bedside18eb32ebPostConfirmation": {
      "build": true,
      "providerPlugin": "awscloudformation",
      "service": "Lambda",
      "output": {
        "Region": "us-east-1",
        "Arn": "arn:aws:lambda:us-east-1:597534837657:function:bedside18eb32ebPostConfirmation-prod",
        "Name": "bedside18eb32ebPostConfirmation-prod",
        "LambdaExecutionRole": "bedside18eb32ebPostConfirmation-prod",
        "LambdaExecutionRoleArn": "arn:aws:iam::597534837657:role/bedside18eb32ebPostConfirmation-prod"
      },
      "lastPushTimeStamp": "2023-05-04T16:59:12.412Z",
      "providerMetadata": {
        "s3TemplateURL": "https://s3.amazonaws.com/amplify-bedside-prod-81932-deployment/amplify-cfn-templates/function/bedside18eb32ebPostConfirmation-cloudformation-template.json",
        "logicalId": "functionbedside18eb32ebPostConfirmation"
      },
      "lastBuildTimeStamp": "2023-05-04T16:55:26.681Z",
      "lastBuildType": "PROD",
      "lastPackageTimeStamp": "2023-05-04T16:55:27.699Z",
      "distZipFilename": "bedside18eb32ebPostConfirmation-7744392b467a4b773464-build.zip",
      "s3Bucket": {
        "deploymentBucketName": "amplify-bedside-prod-81932-deployment",
        "s3Key": "amplify-builds/bedside18eb32ebPostConfirmation-7744392b467a4b773464-build.zip"
      },
      "lastPushDirHash": "3ud/ISS+LAyHJnf+u0B64eJXo50="
    },
    "bedsideAddNewUser": {
      "build": true,
      "dependsOn": [
        {
          "attributes": [
            "GraphQLAPIIdOutput",
            "GraphQLAPIEndpointOutput",
            "GraphQLAPIKeyOutput"
          ],
          "category": "api",
          "resourceName": "bedside"
        }
      ],
      "providerPlugin": "awscloudformation",
      "service": "Lambda",
      "output": {
        "Region": "us-east-1",
        "Arn": "arn:aws:lambda:us-east-1:597534837657:function:bedsideAddNewUser-prod",
        "Name": "bedsideAddNewUser-prod",
        "LambdaExecutionRole": "bedsideLambdaRole9535a8de-prod",
        "LambdaExecutionRoleArn": "arn:aws:iam::597534837657:role/bedsideLambdaRole9535a8de-prod"
      },
      "lastPushTimeStamp": "2023-05-04T16:59:12.412Z",
      "providerMetadata": {
        "s3TemplateURL": "https://s3.amazonaws.com/amplify-bedside-prod-81932-deployment/amplify-cfn-templates/function/bedsideAddNewUser-cloudformation-template.json",
        "logicalId": "functionbedsideAddNewUser"
      },
      "lastBuildTimeStamp": "2023-05-04T16:55:26.685Z",
      "lastBuildType": "PROD",
      "lastPackageTimeStamp": "2023-05-04T16:55:26.858Z",
      "distZipFilename": "bedsideAddNewUser-355752466e693767556a-build.zip",
      "s3Bucket": {
        "deploymentBucketName": "amplify-bedside-prod-81932-deployment",
        "s3Key": "amplify-builds/bedsideAddNewUser-355752466e693767556a-build.zip"
      },
      "lastPushDirHash": "s66169v6fMPydiisIE45nh5rT3E="
    },
    "bedsideDynamoDBAPILayer": {
      "build": true,
      "providerPlugin": "awscloudformation",
      "service": "LambdaLayer",
      "output": {
        "Arn": "arn:aws:lambda:us-east-1:597534837657:layer:bedsideDynamoDBAPILayer-prod:13"
      },
      "lastPushTimeStamp": "2023-05-04T16:59:12.412Z",
      "providerMetadata": {
        "s3TemplateURL": "https://s3.amazonaws.com/amplify-bedside-prod-81932-deployment/amplify-cfn-templates/function/bedsideDynamoDBAPILayer-awscloudformation-template.json",
        "logicalId": "functionbedsideDynamoDBAPILayer"
      },
      "lastBuildTimeStamp": "2023-05-04T16:55:26.686Z",
      "lastBuildType": "PROD",
      "lastPackageTimeStamp": "2023-05-04T16:55:26.922Z",
      "distZipFilename": "bedsideDynamoDBAPILayer-LambdaLayerVersion379674e5-build.zip",
      "latestPushedVersionHash": "f60e709845e7bf72e5ca6b19f0602c71102548ddfb189f968497f5ece9ae1959",
      "s3Bucket": {
        "deploymentBucketName": "amplify-bedside-prod-81932-deployment",
        "s3Key": "amplify-builds/bedsideDynamoDBAPILayer-LambdaLayerVersion379674e5-build.zip"
      }
    },
    "bedsidePostAuthentication": {
      "build": true,
      "dependsOn": [
        {
          "attributes": [
            "GraphQLAPIIdOutput",
            "GraphQLAPIEndpointOutput",
            "GraphQLAPIKeyOutput"
          ],
          "category": "api",
          "resourceName": "bedside"
        },
        {
          "attributes": [
            "Arn"
          ],
          "category": "function",
          "resourceName": "bedsideDynamoDBAPILayer"
        }
      ],
      "providerPlugin": "awscloudformation",
      "service": "Lambda",
      "output": {
        "Region": "us-east-1",
        "Arn": "arn:aws:lambda:us-east-1:597534837657:function:bedsidePostAuthentication-prod",
        "Name": "bedsidePostAuthentication-prod",
        "LambdaExecutionRole": "bedsideLambdaRole8fe2e040-prod",
        "LambdaExecutionRoleArn": "arn:aws:iam::597534837657:role/bedsideLambdaRole8fe2e040-prod"
      },
      "lastPushTimeStamp": "2023-05-04T16:59:12.412Z",
      "providerMetadata": {
        "s3TemplateURL": "https://s3.amazonaws.com/amplify-bedside-prod-81932-deployment/amplify-cfn-templates/function/bedsidePostAuthentication-cloudformation-template.json",
        "logicalId": "functionbedsidePostAuthentication"
      },
      "lastBuildTimeStamp": "2023-05-04T16:55:26.688Z",
      "lastBuildType": "PROD",
      "lastPackageTimeStamp": "2023-05-04T16:55:26.891Z",
      "distZipFilename": "bedsidePostAuthentication-53313742523135306256-build.zip",
      "s3Bucket": {
        "deploymentBucketName": "amplify-bedside-prod-81932-deployment",
        "s3Key": "amplify-builds/bedsidePostAuthentication-53313742523135306256-build.zip"
      },
      "lastPushDirHash": "p2QjPb9iUOhrM3qp7185pHaiweA="
    },
    "newEvaluationFunction": {
      "build": true,
      "dependsOn": [
        {
          "attributes": [
            "GraphQLAPIIdOutput",
            "GraphQLAPIEndpointOutput"
          ],
          "category": "api",
          "resourceName": "bedside"
        }
      ],
      "providerPlugin": "awscloudformation",
      "service": "Lambda",
      "output": {
        "Region": "us-east-1",
        "Arn": "arn:aws:lambda:us-east-1:597534837657:function:newEvaluationFunction-prod",
        "Name": "newEvaluationFunction-prod",
        "LambdaExecutionRole": "bedsideLambdaRoled3d30fc6-prod",
        "LambdaExecutionRoleArn": "arn:aws:iam::597534837657:role/bedsideLambdaRoled3d30fc6-prod"
      },
      "lastPushTimeStamp": "2023-05-04T16:59:12.412Z",
      "providerMetadata": {
        "s3TemplateURL": "https://s3.amazonaws.com/amplify-bedside-prod-81932-deployment/amplify-cfn-templates/function/newEvaluationFunction-cloudformation-template.json",
        "logicalId": "functionnewEvaluationFunction"
      },
      "lastBuildTimeStamp": "2023-05-04T16:55:26.689Z",
      "lastBuildType": "PROD",
      "lastPackageTimeStamp": "2023-05-04T16:55:29.272Z",
      "distZipFilename": "newEvaluationFunction-71323433524e652f3666-build.zip",
      "s3Bucket": {
        "deploymentBucketName": "amplify-bedside-prod-81932-deployment",
        "s3Key": "amplify-builds/newEvaluationFunction-71323433524e652f3666-build.zip"
      },
      "lastPushDirHash": "e9dNjLsLLYrnsSwzz7SoHJauCrI="
    },
    "newUserInvitation": {
      "build": true,
      "dependsOn": [
        {
          "attributes": [
            "GraphQLAPIIdOutput",
            "GraphQLAPIEndpointOutput",
            "GraphQLAPIKeyOutput"
          ],
          "category": "api",
          "resourceName": "bedside"
        }
      ],
      "providerPlugin": "awscloudformation",
      "service": "Lambda",
      "output": {
        "Region": "us-east-1",
        "Arn": "arn:aws:lambda:us-east-1:597534837657:function:newUserInvitation-prod",
        "Name": "newUserInvitation-prod",
        "LambdaExecutionRole": "bedsideLambdaRolef398e20f-prod",
        "LambdaExecutionRoleArn": "arn:aws:iam::597534837657:role/bedsideLambdaRolef398e20f-prod"
      },
      "lastPushTimeStamp": "2023-05-04T16:59:12.412Z",
      "providerMetadata": {
        "s3TemplateURL": "https://s3.amazonaws.com/amplify-bedside-prod-81932-deployment/amplify-cfn-templates/function/newUserInvitation-cloudformation-template.json",
        "logicalId": "functionnewUserInvitation"
      },
      "lastBuildTimeStamp": "2023-05-04T16:55:26.691Z",
      "lastBuildType": "PROD",
      "lastPackageTimeStamp": "2023-05-04T16:55:29.227Z",
      "distZipFilename": "newUserInvitation-7a746c7433596254646d-build.zip",
      "s3Bucket": {
        "deploymentBucketName": "amplify-bedside-prod-81932-deployment",
        "s3Key": "amplify-builds/newUserInvitation-7a746c7433596254646d-build.zip"
      },
      "lastPushDirHash": "yFgG/zSOrR0E9kyYwTFeAuY2+K4="
    },
    "nightly": {
      "build": true,
      "dependsOn": [],
      "providerPlugin": "awscloudformation",
      "service": "Lambda",
      "output": {
        "Region": "us-east-1",
        "CloudWatchEventRule": "amplify-bedside-prod-81932-functio-CloudWatchEvent-1ANCFRGOBXRGI",
        "Arn": "arn:aws:lambda:us-east-1:597534837657:function:nightly-prod",
        "Name": "nightly-prod",
        "LambdaExecutionRole": "bedsideLambdaRole9ab796b6-prod",
        "LambdaExecutionRoleArn": "arn:aws:iam::597534837657:role/bedsideLambdaRole9ab796b6-prod"
      },
      "lastPushTimeStamp": "2023-05-04T16:59:12.412Z",
      "providerMetadata": {
        "s3TemplateURL": "https://s3.amazonaws.com/amplify-bedside-prod-81932-deployment/amplify-cfn-templates/function/nightly-cloudformation-template.json",
        "logicalId": "functionnightly"
      },
      "lastBuildTimeStamp": "2023-05-04T16:55:26.692Z",
      "lastBuildType": "PROD",
      "lastPackageTimeStamp": "2023-05-04T16:55:26.867Z",
      "distZipFilename": "nightly-5050394a39455a375762-build.zip",
      "s3Bucket": {
        "deploymentBucketName": "amplify-bedside-prod-81932-deployment",
        "s3Key": "amplify-builds/nightly-5050394a39455a375762-build.zip"
      },
      "lastPushDirHash": "zWPwfe2gAVxXfWcNaMzoFw2ppdA="
    },
    "nurseReport": {
      "build": true,
      "dependsOn": [
        {
          "attributes": [
            "Arn"
          ],
          "category": "function",
          "resourceName": "bedsideDynamoDBAPILayer"
        },
        {
          "attributes": [
            "GraphQLAPIIdOutput",
            "GraphQLAPIEndpointOutput",
            "GraphQLAPIKeyOutput"
          ],
          "category": "api",
          "resourceName": "bedside"
        }
      ],
      "providerPlugin": "awscloudformation",
      "service": "Lambda",
      "output": {
        "Region": "us-east-1",
        "Arn": "arn:aws:lambda:us-east-1:597534837657:function:nurseReport-prod",
        "Name": "nurseReport-prod",
        "LambdaExecutionRole": "bedsideLambdaRolea13e29c1-prod",
        "LambdaExecutionRoleArn": "arn:aws:iam::597534837657:role/bedsideLambdaRolea13e29c1-prod"
      },
      "lastPushTimeStamp": "2023-05-04T16:59:12.412Z",
      "providerMetadata": {
        "s3TemplateURL": "https://s3.amazonaws.com/amplify-bedside-prod-81932-deployment/amplify-cfn-templates/function/nurseReport-cloudformation-template.json",
        "logicalId": "functionnurseReport"
      },
      "lastBuildTimeStamp": "2023-05-04T16:55:26.694Z",
      "lastBuildType": "PROD",
      "lastPackageTimeStamp": "2023-05-04T16:55:28.547Z",
      "distZipFilename": "nurseReport-62593379544b396e7457-build.zip",
      "s3Bucket": {
        "deploymentBucketName": "amplify-bedside-prod-81932-deployment",
        "s3Key": "amplify-builds/nurseReport-62593379544b396e7457-build.zip"
      },
      "lastPushDirHash": "G84PkxMrRxgUJ4NFii+XfpdF8BI="
    },
    "weeklyProcessTrigger": {
      "build": true,
      "dependsOn": [
        {
          "attributes": [
            "GraphQLAPIIdOutput",
            "GraphQLAPIEndpointOutput",
            "GraphQLAPIKeyOutput"
          ],
          "category": "api",
          "resourceName": "bedside"
        }
      ],
      "providerPlugin": "awscloudformation",
      "service": "Lambda",
      "output": {
        "Region": "us-east-1",
        "CloudWatchEventRule": "amplify-bedside-prod-81932-functio-CloudWatchEvent-T2V4QKVBKFC4",
        "Arn": "arn:aws:lambda:us-east-1:597534837657:function:weeklyProcessTrigger-prod",
        "Name": "weeklyProcessTrigger-prod",
        "LambdaExecutionRole": "bedsideLambdaRole6fd14a4d-prod",
        "LambdaExecutionRoleArn": "arn:aws:iam::597534837657:role/bedsideLambdaRole6fd14a4d-prod"
      },
      "lastPushTimeStamp": "2023-05-04T16:59:12.412Z",
      "providerMetadata": {
        "s3TemplateURL": "https://s3.amazonaws.com/amplify-bedside-prod-81932-deployment/amplify-cfn-templates/function/weeklyProcessTrigger-cloudformation-template.json",
        "logicalId": "functionweeklyProcessTrigger"
      },
      "lastBuildTimeStamp": "2023-05-04T16:55:26.695Z",
      "lastBuildType": "PROD",
      "lastPackageTimeStamp": "2023-05-04T16:55:26.873Z",
      "distZipFilename": "weeklyProcessTrigger-50445867304530414465-build.zip",
      "s3Bucket": {
        "deploymentBucketName": "amplify-bedside-prod-81932-deployment",
        "s3Key": "amplify-builds/weeklyProcessTrigger-50445867304530414465-build.zip"
      },
      "lastPushDirHash": "ydFCQWr9srhZLVzd3R3ruHa1h0U="
    }
  },
  "hosting": {
    "S3AndCloudFront": {
      "providerPlugin": "awscloudformation",
      "service": "S3AndCloudFront",
      "output": {
        "S3BucketSecureURL": "https://bedside-20200204102939-hostingbucket-prod.s3.amazonaws.com",
        "WebsiteURL": "http://bedside-20200204102939-hostingbucket-prod.s3-website-us-east-1.amazonaws.com",
        "Region": "us-east-1",
        "HostingBucketName": "bedside-20200204102939-hostingbucket-prod"
      },
      "lastPushTimeStamp": "2023-05-04T16:59:12.412Z",
      "providerMetadata": {
        "s3TemplateURL": "https://s3.amazonaws.com/amplify-bedside-prod-81932-deployment/amplify-cfn-templates/hosting/template.json",
        "logicalId": "hostingS3AndCloudFront"
      },
      "lastPushDirHash": "7RK+BRJV5Fl7Haivy9/GIoouiJQ="
    }
  },
  "storage": {
    "bedsideContent": {
      "providerPlugin": "awscloudformation",
      "service": "S3",
      "output": {
        "BucketName": "bedsidecontent81932-prod",
        "Region": "us-east-1"
      },
      "lastPushTimeStamp": "2023-05-04T16:59:12.412Z",
      "providerMetadata": {
        "s3TemplateURL": "https://s3.amazonaws.com/amplify-bedside-prod-81932-deployment/amplify-cfn-templates/storage/s3-cloudformation-template.json",
        "logicalId": "storagebedsideContent"
      },
      "lastPushDirHash": "rhMCkeGUpXkc/dI1QWyL2zBRbis="
    }
  }
}
