{
  "api": {
    "AdminQueries": {
      "dependsOn": [
        {
          "attributes": [
            "UserPoolId"
          ],
          "category": "auth",
          "resourceName": "bedside18eb32eb"
        },
        {
          "attributes": [
            "Arn",
            "Name"
          ],
          "category": "function",
          "resourceName": "AdminQueriesc8c14260"
        }
      ],
      "providerPlugin": "awscloudformation",
      "service": "API Gateway"
    },
    "bedside": {
      "output": {
        "authConfig": {
          "additionalAuthenticationProviders": [
            {
              "apiKeyConfig": {
                "apiKeyExpirationDays": 365,
                "description": "bedside-api-key"
              },
              "authenticationType": "API_KEY"
            }
          ],
          "defaultAuthentication": {
            "authenticationType": "AMAZON_COGNITO_USER_POOLS",
            "userPoolConfig": {
              "userPoolId": "authbedside18eb32eb"
            }
          }
        }
      },
      "providerPlugin": "awscloudformation",
      "service": "AppSync"
    },
    "nurseReport": {
      "dependsOn": [
        {
          "attributes": [
            "Name",
            "Arn"
          ],
          "category": "function",
          "resourceName": "nurseReport"
        }
      ],
      "providerPlugin": "awscloudformation",
      "service": "API Gateway"
    }
  },
  "auth": {
    "bedside18eb32eb": {
      "customAuth": false,
      "dependsOn": [
        {
          "attributes": [
            "Arn",
            "Name"
          ],
          "category": "function",
          "resourceName": "bedside18eb32ebPostConfirmation",
          "triggerProvider": "Cognito"
        }
      ],
      "providerPlugin": "awscloudformation",
      "service": "Cognito"
    },
    "userPoolGroups": {
      "dependsOn": [
        {
          "attributes": [
            "UserPoolId",
            "AppClientIDWeb",
            "AppClientID",
            "IdentityPoolId"
          ],
          "category": "auth",
          "resourceName": "bedside18eb32eb"
        }
      ],
      "providerPlugin": "awscloudformation",
      "service": "Cognito-UserPool-Groups"
    }
  },
  "custom": {
    "snsTopicQueue": {
      "dependsOn": [
        {
          "attributes": [
            "Name",
            "Arn",
            "Region",
            "LambdaExecutionRole",
            "LambdaExecutionRoleArn"
          ],
          "category": "function",
          "resourceName": "applicationQueueDispatch"
        }
      ],
      "providerPlugin": "awscloudformation",
      "service": "customCDK"
    }
  },
  "function": {
    "AdminQueriesc8c14260": {
      "build": true,
      "dependsOn": [
        {
          "attributes": [
            "UserPoolId"
          ],
          "category": "auth",
          "resourceName": "bedside18eb32eb"
        }
      ],
      "providerPlugin": "awscloudformation",
      "service": "Lambda"
    },
    "applicationQueueDispatch": {
      "build": true,
      "dependsOn": [
        {
          "attributes": [
            "Arn"
          ],
          "category": "function",
          "resourceName": "bedsideDynamoDBAPILayer"
        },
        {
          "attributes": [
            "HostingBucketName"
          ],
          "category": "hosting",
          "resourceName": "S3AndCloudFront"
        },
        {
          "attributes": [
            "ApiName",
            "ApiId"
          ],
          "category": "api",
          "resourceName": "AdminQueries"
        },
        {
          "attributes": [
            "GraphQLAPIIdOutput",
            "GraphQLAPIEndpointOutput",
            "GraphQLAPIKeyOutput"
          ],
          "category": "api",
          "resourceName": "bedside"
        },
        {
          "attributes": [
            "ApiName",
            "ApiId"
          ],
          "category": "api",
          "resourceName": "nurseReport"
        },
        {
          "attributes": [
            "BucketName"
          ],
          "category": "storage",
          "resourceName": "bedsideContent"
        }
      ],
      "providerPlugin": "awscloudformation",
      "service": "Lambda"
    },
    "bedside18eb32ebPostConfirmation": {
      "build": true,
      "providerPlugin": "awscloudformation",
      "service": "Lambda"
    },
    "bedsideAddNewUser": {
      "build": true,
      "dependsOn": [
        {
          "attributes": [
            "GraphQLAPIIdOutput",
            "GraphQLAPIEndpointOutput",
            "GraphQLAPIKeyOutput"
          ],
          "category": "api",
          "resourceName": "bedside"
        }
      ],
      "providerPlugin": "awscloudformation",
      "service": "Lambda"
    },
    "bedsideDynamoDBAPILayer": {
      "build": true,
      "providerPlugin": "awscloudformation",
      "service": "LambdaLayer"
    },
    "bedsidePostAuthentication": {
      "build": true,
      "dependsOn": [
        {
          "attributes": [
            "GraphQLAPIIdOutput",
            "GraphQLAPIEndpointOutput",
            "GraphQLAPIKeyOutput"
          ],
          "category": "api",
          "resourceName": "bedside"
        },
        {
          "attributes": [
            "Arn"
          ],
          "category": "function",
          "resourceName": "bedsideDynamoDBAPILayer"
        }
      ],
      "providerPlugin": "awscloudformation",
      "service": "Lambda"
    },
    "newEvaluationFunction": {
      "build": true,
      "dependsOn": [
        {
          "attributes": [
            "GraphQLAPIIdOutput",
            "GraphQLAPIEndpointOutput"
          ],
          "category": "api",
          "resourceName": "bedside"
        }
      ],
      "providerPlugin": "awscloudformation",
      "service": "Lambda"
    },
    "newUserInvitation": {
      "build": true,
      "dependsOn": [
        {
          "attributes": [
            "GraphQLAPIIdOutput",
            "GraphQLAPIEndpointOutput",
            "GraphQLAPIKeyOutput"
          ],
          "category": "api",
          "resourceName": "bedside"
        }
      ],
      "providerPlugin": "awscloudformation",
      "service": "Lambda"
    },
    "nightly": {
      "build": true,
      "dependsOn": [],
      "providerPlugin": "awscloudformation",
      "service": "Lambda"
    },
    "nurseReport": {
      "build": true,
      "dependsOn": [
        {
          "attributes": [
            "Arn"
          ],
          "category": "function",
          "resourceName": "bedsideDynamoDBAPILayer"
        },
        {
          "attributes": [
            "GraphQLAPIIdOutput",
            "GraphQLAPIEndpointOutput",
            "GraphQLAPIKeyOutput"
          ],
          "category": "api",
          "resourceName": "bedside"
        }
      ],
      "providerPlugin": "awscloudformation",
      "service": "Lambda"
    },
    "weeklyProcessTrigger": {
      "build": true,
      "dependsOn": [
        {
          "attributes": [
            "GraphQLAPIIdOutput",
            "GraphQLAPIEndpointOutput",
            "GraphQLAPIKeyOutput"
          ],
          "category": "api",
          "resourceName": "bedside"
        }
      ],
      "providerPlugin": "awscloudformation",
      "service": "Lambda"
    }
  },
  "hosting": {
    "S3AndCloudFront": {
      "providerPlugin": "awscloudformation",
      "service": "S3AndCloudFront"
    }
  },
  "parameters": {
    "AMPLIFY_function_AdminQueriesc8c14260_deploymentBucketName": {
      "usedBy": [
        {
          "category": "function",
          "resourceName": "AdminQueriesc8c14260"
        }
      ]
    },
    "AMPLIFY_function_AdminQueriesc8c14260_s3Key": {
      "usedBy": [
        {
          "category": "function",
          "resourceName": "AdminQueriesc8c14260"
        }
      ]
    },
    "AMPLIFY_function_applicationQueueDispatch_deploymentBucketName": {
      "usedBy": [
        {
          "category": "function",
          "resourceName": "applicationQueueDispatch"
        }
      ]
    },
    "AMPLIFY_function_applicationQueueDispatch_s3Key": {
      "usedBy": [
        {
          "category": "function",
          "resourceName": "applicationQueueDispatch"
        }
      ]
    },
    "AMPLIFY_function_bedside18eb32ebPostConfirmation_GROUP": {
      "usedBy": [
        {
          "category": "function",
          "resourceName": "bedside18eb32ebPostConfirmation"
        }
      ]
    },
    "AMPLIFY_function_bedside18eb32ebPostConfirmation_deploymentBucketName": {
      "usedBy": [
        {
          "category": "function",
          "resourceName": "bedside18eb32ebPostConfirmation"
        }
      ]
    },
    "AMPLIFY_function_bedside18eb32ebPostConfirmation_s3Key": {
      "usedBy": [
        {
          "category": "function",
          "resourceName": "bedside18eb32ebPostConfirmation"
        }
      ]
    },
    "AMPLIFY_function_bedsideAddNewUser_deploymentBucketName": {
      "usedBy": [
        {
          "category": "function",
          "resourceName": "bedsideAddNewUser"
        }
      ]
    },
    "AMPLIFY_function_bedsideAddNewUser_s3Key": {
      "usedBy": [
        {
          "category": "function",
          "resourceName": "bedsideAddNewUser"
        }
      ]
    },
    "AMPLIFY_function_bedsideDynamoDBAPILayer_deploymentBucketName": {
      "usedBy": [
        {
          "category": "function",
          "resourceName": "bedsideDynamoDBAPILayer"
        }
      ]
    },
    "AMPLIFY_function_bedsideDynamoDBAPILayer_s3Key": {
      "usedBy": [
        {
          "category": "function",
          "resourceName": "bedsideDynamoDBAPILayer"
        }
      ]
    },
    "AMPLIFY_function_bedsidePostAuthentication_deploymentBucketName": {
      "usedBy": [
        {
          "category": "function",
          "resourceName": "bedsidePostAuthentication"
        }
      ]
    },
    "AMPLIFY_function_bedsidePostAuthentication_s3Key": {
      "usedBy": [
        {
          "category": "function",
          "resourceName": "bedsidePostAuthentication"
        }
      ]
    },
    "AMPLIFY_function_newEvaluationFunction_deploymentBucketName": {
      "usedBy": [
        {
          "category": "function",
          "resourceName": "newEvaluationFunction"
        }
      ]
    },
    "AMPLIFY_function_newEvaluationFunction_s3Key": {
      "usedBy": [
        {
          "category": "function",
          "resourceName": "newEvaluationFunction"
        }
      ]
    },
    "AMPLIFY_function_newUserInvitation_deploymentBucketName": {
      "usedBy": [
        {
          "category": "function",
          "resourceName": "newUserInvitation"
        }
      ]
    },
    "AMPLIFY_function_newUserInvitation_s3Key": {
      "usedBy": [
        {
          "category": "function",
          "resourceName": "newUserInvitation"
        }
      ]
    },
    "AMPLIFY_function_nightly_deploymentBucketName": {
      "usedBy": [
        {
          "category": "function",
          "resourceName": "nightly"
        }
      ]
    },
    "AMPLIFY_function_nightly_s3Key": {
      "usedBy": [
        {
          "category": "function",
          "resourceName": "nightly"
        }
      ]
    },
    "AMPLIFY_function_nurseReport_deploymentBucketName": {
      "usedBy": [
        {
          "category": "function",
          "resourceName": "nurseReport"
        }
      ]
    },
    "AMPLIFY_function_nurseReport_s3Key": {
      "usedBy": [
        {
          "category": "function",
          "resourceName": "nurseReport"
        }
      ]
    },
    "AMPLIFY_function_weeklyProcessTrigger_deploymentBucketName": {
      "usedBy": [
        {
          "category": "function",
          "resourceName": "weeklyProcessTrigger"
        }
      ]
    },
    "AMPLIFY_function_weeklyProcessTrigger_s3Key": {
      "usedBy": [
        {
          "category": "function",
          "resourceName": "weeklyProcessTrigger"
        }
      ]
    }
  },
  "storage": {
    "bedsideContent": {
      "providerPlugin": "awscloudformation",
      "service": "S3"
    }
  }
}