{
  "AWSTemplateFormatVersion": "2010-09-09",
  "Parameters": {
    "authbedside18eb32ebUserPoolId": {
      "Type": "String",
      "Default": "authbedside18eb32ebUserPoolId"
    },
    "authbedside18eb32ebIdentityPoolId": {
      "Type": "String",
      "Default": "authbedside18eb32ebIdentityPoolId"
    },
    "authbedside18eb32ebAppClientID": {
      "Type": "String",
      "Default": "authbedside18eb32ebAppClientID"
    },
    "authbedside18eb32ebAppClientIDWeb": {
      "Type": "String",
      "Default": "authbedside18eb32ebAppClientIDWeb"
    },
    "AuthRoleArn": {
      "Type": "String"
    },
    "UnauthRoleArn": {
      "Type": "String"
    },
    "env": {
      "Type": "String"
    }
  },
  "Conditions": {
    "ShouldNotCreateEnvResources": {
      "Fn::Equals": [
        {
          "Ref": "env"
        },
        "NONE"
      ]
    }
  },
  "Resources": {
    "SysadminsGroup": {
      "Type": "AWS::Cognito::UserPoolGroup",
      "Properties": {
        "GroupName": "Sysadmins",
        "Precedence": 1,
        "RoleArn": {
          "Fn::GetAtt": [
            "SysadminsGroupRole",
            "Arn"
          ]
        },
        "UserPoolId": {
          "Ref": "authbedside18eb32ebUserPoolId"
        }
      }
    },
    "SysadminsGroupRole": {
      "Type": "AWS::IAM::Role",
      "Properties": {
        "RoleName": {
          "Fn::Join": [
            "",
            [
              {
                "Ref": "authbedside18eb32ebUserPoolId"
              },
              "-SysadminsGroupRole"
            ]
          ]
        },
        "AssumeRolePolicyDocument": {
          "Version": "2012-10-17",
          "Statement": [
            {
              "Sid": "",
              "Effect": "Allow",
              "Principal": {
                "Federated": "cognito-identity.amazonaws.com"
              },
              "Action": "sts:AssumeRoleWithWebIdentity",
              "Condition": {
                "StringEquals": {
                  "cognito-identity.amazonaws.com:aud": {
                    "Ref": "authbedside18eb32ebIdentityPoolId"
                  }
                },
                "ForAnyValue:StringLike": {
                  "cognito-identity.amazonaws.com:amr": "authenticated"
                }
              }
            }
          ]
        }
      }
    },
    "AdminsGroup": {
      "Type": "AWS::Cognito::UserPoolGroup",
      "Properties": {
        "GroupName": "Admins",
        "Precedence": 2,
        "RoleArn": {
          "Fn::GetAtt": [
            "AdminsGroupRole",
            "Arn"
          ]
        },
        "UserPoolId": {
          "Ref": "authbedside18eb32ebUserPoolId"
        }
      }
    },
    "AdminsGroupRole": {
      "Type": "AWS::IAM::Role",
      "Properties": {
        "RoleName": {
          "Fn::Join": [
            "",
            [
              {
                "Ref": "authbedside18eb32ebUserPoolId"
              },
              "-AdminsGroupRole"
            ]
          ]
        },
        "AssumeRolePolicyDocument": {
          "Version": "2012-10-17",
          "Statement": [
            {
              "Sid": "",
              "Effect": "Allow",
              "Principal": {
                "Federated": "cognito-identity.amazonaws.com"
              },
              "Action": "sts:AssumeRoleWithWebIdentity",
              "Condition": {
                "StringEquals": {
                  "cognito-identity.amazonaws.com:aud": {
                    "Ref": "authbedside18eb32ebIdentityPoolId"
                  }
                },
                "ForAnyValue:StringLike": {
                  "cognito-identity.amazonaws.com:amr": "authenticated"
                }
              }
            }
          ]
        }
      }
    },
    "ProgramAdminsGroup": {
      "Type": "AWS::Cognito::UserPoolGroup",
      "Properties": {
        "GroupName": "ProgramAdmins",
        "Precedence": 3,
        "RoleArn": {
          "Fn::GetAtt": [
            "ProgramAdminsGroupRole",
            "Arn"
          ]
        },
        "UserPoolId": {
          "Ref": "authbedside18eb32ebUserPoolId"
        }
      }
    },
    "ProgramAdminsGroupRole": {
      "Type": "AWS::IAM::Role",
      "Properties": {
        "RoleName": {
          "Fn::Join": [
            "",
            [
              {
                "Ref": "authbedside18eb32ebUserPoolId"
              },
              "-ProgramAdminsGroupRole"
            ]
          ]
        },
        "AssumeRolePolicyDocument": {
          "Version": "2012-10-17",
          "Statement": [
            {
              "Sid": "",
              "Effect": "Allow",
              "Principal": {
                "Federated": "cognito-identity.amazonaws.com"
              },
              "Action": "sts:AssumeRoleWithWebIdentity",
              "Condition": {
                "StringEquals": {
                  "cognito-identity.amazonaws.com:aud": {
                    "Ref": "authbedside18eb32ebIdentityPoolId"
                  }
                },
                "ForAnyValue:StringLike": {
                  "cognito-identity.amazonaws.com:amr": "authenticated"
                }
              }
            }
          ]
        }
      }
    },
    "UsersGroup": {
      "Type": "AWS::Cognito::UserPoolGroup",
      "Properties": {
        "GroupName": "Users",
        "Precedence": 4,
        "RoleArn": {
          "Fn::GetAtt": [
            "UsersGroupRole",
            "Arn"
          ]
        },
        "UserPoolId": {
          "Ref": "authbedside18eb32ebUserPoolId"
        }
      }
    },
    "UsersGroupRole": {
      "Type": "AWS::IAM::Role",
      "Properties": {
        "RoleName": {
          "Fn::Join": [
            "",
            [
              {
                "Ref": "authbedside18eb32ebUserPoolId"
              },
              "-UsersGroupRole"
            ]
          ]
        },
        "AssumeRolePolicyDocument": {
          "Version": "2012-10-17",
          "Statement": [
            {
              "Sid": "",
              "Effect": "Allow",
              "Principal": {
                "Federated": "cognito-identity.amazonaws.com"
              },
              "Action": "sts:AssumeRoleWithWebIdentity",
              "Condition": {
                "StringEquals": {
                  "cognito-identity.amazonaws.com:aud": {
                    "Ref": "authbedside18eb32ebIdentityPoolId"
                  }
                },
                "ForAnyValue:StringLike": {
                  "cognito-identity.amazonaws.com:amr": "authenticated"
                }
              }
            }
          ]
        }
      }
    },
    "LambdaExecutionRole": {
      "Type": "AWS::IAM::Role",
      "Properties": {
        "RoleName": {
          "Fn::If": [
            "ShouldNotCreateEnvResources",
            {},
            {
              "Fn::Join": [
                "",
                [
                  "bedside18eb32eb",
                  "-ExecutionRole-",
                  {
                    "Ref": "env"
                  }
                ]
              ]
            }
          ]
        },
        "AssumeRolePolicyDocument": {
          "Version": "2012-10-17",
          "Statement": [
            {
              "Effect": "Allow",
              "Principal": {
                "Service": [
                  "lambda.amazonaws.com"
                ]
              },
              "Action": [
                "sts:AssumeRole"
              ]
            }
          ]
        },
        "Policies": [
          {
            "PolicyName": "UserGroupLogPolicy",
            "PolicyDocument": {
              "Version": "2012-10-17",
              "Statement": [
                {
                  "Effect": "Allow",
                  "Action": [
                    "logs:CreateLogGroup",
                    "logs:CreateLogStream",
                    "logs:PutLogEvents"
                  ],
                  "Resource": "arn:aws:logs:*:*:*"
                }
              ]
            }
          },
          {
            "PolicyName": "UserGroupExecutionPolicy",
            "PolicyDocument": {
              "Version": "2012-10-17",
              "Statement": [
                {
                  "Effect": "Allow",
                  "Action": [
                    "cognito-identity:SetIdentityPoolRoles",
                    "cognito-identity:ListIdentityPools",
                    "cognito-identity:describeIdentityPool"
                  ],
                  "Resource": "*"
                }
              ]
            }
          },
          {
            "PolicyName": "UserGroupPassRolePolicy",
            "PolicyDocument": {
              "Version": "2012-10-17",
              "Statement": [
                {
                  "Effect": "Allow",
                  "Action": [
                    "iam:PassRole"
                  ],
                  "Resource": [
                    {
                      "Ref": "AuthRoleArn"
                    },
                    {
                      "Ref": "UnauthRoleArn"
                    }
                  ]
                }
              ]
            }
          }
        ]
      }
    },
    "RoleMapFunction": {
      "Type": "AWS::Lambda::Function",
      "DependsOn": [
        "LambdaExecutionRole"
      ],
      "Properties": {
        "Code": {
          "ZipFile": {
            "Fn::Join": [
              "\n",
              [
                "const response = require('cfn-response');",
                "const AWS = require('aws-sdk');",
                "exports.handler = (event, context) => {",
                "if (event.RequestType == 'Delete') {",
                "    response.send(event, context, response.SUCCESS, {message: 'Request type delete'})",
                "};",
                "if (event.RequestType == 'Create' || event.RequestType == 'Update') {",
                "    let { identityPoolId, appClientID, appClientIDWeb, userPoolId, region }  = event.ResourceProperties;",
                "    try {",
                "       const cognitoidentity = new AWS.CognitoIdentity();",
                "       let params = {",
                "           IdentityPoolId: identityPoolId,",
                "           Roles: {",
                "               'authenticated': event.ResourceProperties.AuthRoleArn,",
                "               'unauthenticated': event.ResourceProperties.UnauthRoleArn,",
                "           },",
                "           RoleMappings: {}",
                "       };",
                "       if (appClientIDWeb) {",
                "           params.RoleMappings[`cognito-idp.${region}.amazonaws.com/${userPoolId}:${appClientIDWeb}`] = {",
                "               Type: 'Token',",
                "               AmbiguousRoleResolution: 'AuthenticatedRole',",
                "           }",
                "       }",
                "       if (appClientID) {",
                "           params.RoleMappings[`cognito-idp.${region}.amazonaws.com/${userPoolId}:${appClientID}`] = {",
                "               Type: 'Token',",
                "               AmbiguousRoleResolution: 'AuthenticatedRole',",
                "           }",
                "       }",
                "    cognitoidentity.setIdentityPoolRoles(params).promise();",
                "    response.send(event, context, response.SUCCESS, {message: 'Successfully updated identity pool.'})",
                "    } catch(err) {",
                "        response.send(event, context, response.FAILED, {message: 'Error updating identity pool'});",
                "    }",
                "   };",
                "};"
              ]
            ]
          }
        },
        "Handler": "index.handler",
        "Runtime": "nodejs12.x",
        "Timeout": 300,
        "Role": {
          "Fn::GetAtt": [
            "LambdaExecutionRole",
            "Arn"
          ]
        }
      }
    },
    "RoleMapFunctionInput": {
      "Type": "Custom::LambdaCallout",
      "Properties": {
        "ServiceToken": {
          "Fn::GetAtt": [
            "RoleMapFunction",
            "Arn"
          ]
        },
        "AuthRoleArn": {
          "Ref": "AuthRoleArn"
        },
        "UnauthRoleArn": {
          "Ref": "UnauthRoleArn"
        },
        "identityPoolId": {
          "Ref": "authbedside18eb32ebIdentityPoolId"
        },
        "userPoolId": {
          "Ref": "authbedside18eb32ebUserPoolId"
        },
        "appClientIDWeb": {
          "Ref": "authbedside18eb32ebAppClientIDWeb"
        },
        "appClientID": {
          "Ref": "authbedside18eb32ebAppClientID"
        },
        "region": {
          "Ref": "AWS::Region"
        },
        "env": {
          "Ref": "env"
        }
      },
      "DependsOn": [
        "RoleMapFunction"
      ]
    }
  },
  "Outputs": {
    "SysadminsGroupRole": {
      "Value": {
        "Fn::GetAtt": [
          "SysadminsGroupRole",
          "Arn"
        ]
      }
    },
    "AdminsGroupRole": {
      "Value": {
        "Fn::GetAtt": [
          "AdminsGroupRole",
          "Arn"
        ]
      }
    },
    "ProgramAdminsGroupRole": {
      "Value": {
        "Fn::GetAtt": [
          "ProgramAdminsGroupRole",
          "Arn"
        ]
      }
    },
    "UsersGroupRole": {
      "Value": {
        "Fn::GetAtt": [
          "UsersGroupRole",
          "Arn"
        ]
      }
    }
  },
  "Description": "{\"createdOn\":\"Mac\",\"createdBy\":\"Amplify\",\"createdWith\":\"7.6.13\",\"stackType\":\"auth-Cognito-UserPool-Groups\",\"metadata\":{}}"
}